id,created_at,conversation_id,tweet,retweet_count,like_count,reply_count,quote_count,expanded_url,language,possibly_sensitive,in_reply_to_user_id,username
1630705926687555587,2023-02-28 23:06:04+00:00,1630699362169896960,@KarlJacobs_ yes üòé,493,23925,49,2,,und,False,2653325339,SpreenDMC
1630702756578066432,2023-02-28 22:53:28+00:00,1630699362169896960,@sapnap Ma√±ana https://t.co/vYdVvCkLZv,1066,34961,320,114,https://twitter.com/SpreenDMC/status/1630702756578066432/photo/1,es,False,1151724782406328320,SpreenDMC
1630702341509750786,2023-02-28 22:51:49+00:00,1630699362169896960,@FoolishGamers bitch,536,22558,131,23,,en,False,1350501963805429767,SpreenDMC
1630699362169896960,2023-02-28 22:39:59+00:00,1630699362169896960,https://t.co/kDcqviktWX,12646,204087,800,367,https://twitter.com/SpreenDMC/status/1630699362169896960/photo/1,zxx,False,,SpreenDMC
1630698888909692928,2023-02-28 22:38:06+00:00,1630696197131317251,@samyriveratv Cu√°nto era,157,12788,58,2,,es,False,1400156369248997380,SpreenDMC
1630698430069604352,2023-02-28 22:36:17+00:00,1629667957021331457,@sapnap @KarlJacobs_ @sapnapalt @GeorgeNotFound @MichelleObama sos pollo,367,10854,142,32,,es,False,1151724782406328320,SpreenDMC
1630692545368936449,2023-02-28 22:12:54+00:00,1630690760818343940,@KarlJacobs_ https://t.co/XkHtyLWrgR,753,21558,284,64,https://twitter.com/SpreenDMC/status/1630692545368936449/photo/1,qme,False,2653325339,SpreenDMC
1630691434339741704,2023-02-28 22:08:29+00:00,1630675101636079618,@Duxorethey la hiciste re piola capo yo banco tu strat 1000 de iq,266,10897,28,8,,es,False,399151496,SpreenDMC
1630690760818343940,2023-02-28 22:05:48+00:00,1630690760818343940,Gracias por LOS 7 MILLONES en TWITCH LOCO,3260,76031,1285,123,,es,False,,SpreenDMC
1630690438368616448,2023-02-28 22:04:31+00:00,1630681713054748672,@LuzuGames sos un capo pa podr√≠a haber muerto cualquiera era puro rng y la estabas haciendo re piola encima,696,25537,106,45,,es,False,1863172518,SpreenDMC
1630688548008390665,2023-02-28 21:57:01+00:00,1630688548008390665,"RT @lissalvsq: Quackity dici√©ndole a luzu que lo extra√±o mucho y que no le aviso que se fue a Espa√±a 
Dream: ‚ÄúSpreen es el mejor, me encant‚Ä¶",5216,0,0,0,,es,False,,SpreenDMC
1630688091840102401,2023-02-28 21:55:12+00:00,1629667957021331457,@sapnap @KarlJacobs_ @sapnapalt @GeorgeNotFound @MichelleObama snpachat shut up,631,16928,258,86,,en,False,1151724782406328320,SpreenDMC
1630607663317876738,2023-02-28 16:35:36+00:00,1630607663317876738,"RT @CharlyQuiin: ES HOYYY!!ü¶ë
team tryhard X Dream team en los squid craft 2 *fan animation* @SpreenDMC @Shadoune666 @CrisGreen95 @Contersti‚Ä¶",5742,0,0,0,,en,False,,SpreenDMC
1630606391894327303,2023-02-28 16:30:33+00:00,1630606391894327303,https://t.co/v7qoD4ZZb8,7732,137617,1345,857,https://twitter.com/SpreenDMC/status/1630606391894327303/photo/1,zxx,False,,SpreenDMC
1630604242263199745,2023-02-28 16:22:01+00:00,1630604036062707713,@JuanSGuarnizo Buena strat de farmeo üòé,264,15079,109,3,,es,False,285081945,SpreenDMC
1630330160921690113,2023-02-27 22:12:55+00:00,1630330160921690113,RT @SpreenUpdates: AAAAAAAAAA https://t.co/SwhJWCWH1E,983,0,0,0,https://twitter.com/SpreenUpdates/status/1630019077052694530/video/1,und,False,,SpreenDMC
1630329195829030916,2023-02-27 22:09:04+00:00,1630329195829030916,"VLOG DEL VIAJE A MEXICO
https://t.co/F3eiryj8Pv",1633,22632,1183,446,https://www.youtube.com/watch?v=3LkXOppKL_0,es,False,,SpreenDMC
1630310744288894976,2023-02-27 20:55:45+00:00,1630310744288894976,üòà https://t.co/7pPFcZFK79,545,20843,202,6,https://twitter.com/PaulleXdd/status/1630290659243606016,art,False,,SpreenDMC
1630051436120735748,2023-02-27 03:45:21+00:00,1630051436120735748,ninguno https://t.co/ezvg6alC8d,1113,34611,618,98,https://twitter.com/EnsedeCiencia/status/1629567141719449602,pt,False,,SpreenDMC
1630036511608516617,2023-02-27 02:46:03+00:00,1629989476293328897,@Roiereal amigo no soy yo jajaja!!,626,41366,291,48,,es,False,278778899,SpreenDMC
1630036345321078785,2023-02-27 02:45:23+00:00,1630016249546567681,@alexplahh gracias por participar pa,71,4814,7,0,,es,False,2300229697,SpreenDMC
1630036282578460675,2023-02-27 02:45:09+00:00,1630000317575118848,@Sofia_anyway jajaj gracias por participar,49,1928,5,5,,es,False,939483481,SpreenDMC
1630035832319909888,2023-02-27 02:43:21+00:00,1630029698343247873,@FranCiancioci te cabio gato,133,8774,45,0,,es,False,1589733223,SpreenDMC
1629919293696532483,2023-02-26 19:00:16+00:00,1628874801535193088,Todos los streamers que ya estaban en el Discord pueden jugar tambi√©n,171,10037,44,0,,es,False,1004392807522553856,SpreenDMC
1629659614923874304,2023-02-26 01:48:24+00:00,1629659614923874304,RT @QUACKSPRE3N: spreen es un mal ejemplo porque es blanco https://t.co/moqFyt0cMV,862,0,0,0,https://twitter.com/QUACKSPRE3N/status/1629613094493212672/video/1,es,False,,SpreenDMC
1629353218688839682,2023-02-25 05:30:53+00:00,1629353218688839682,"RT @RyuDoodles: The last of @SpreenDMC

#spreenfanart #tlou https://t.co/qImZMvZseH",993,0,0,0,https://twitter.com/RyuDoodles/status/1629178245621993476/photo/1,en,False,,SpreenDMC
1629230211572039683,2023-02-24 21:22:06+00:00,1629230211572039683,"Nuevo video üòéüòé

https://t.co/AMwvxu3Cvh",633,17599,228,15,https://youtu.be/IJBR5va45pU,es,False,,SpreenDMC
1628980151907131393,2023-02-24 04:48:27+00:00,1628874801535193088,@Robleis01 si,195,11908,94,10,,und,False,1277824644,SpreenDMC
1628974266040438785,2023-02-24 04:25:04+00:00,1628874801535193088,"@Robleis01 si bueno, jugas o no",287,14475,93,2,,es,False,1277824644,SpreenDMC
1628960114194411521,2023-02-24 03:28:50+00:00,1628874801535193088,@Roberto_Cein me da cosa pero podes entrar,197,9796,103,9,,es,False,164425470,SpreenDMC
1628956446170685440,2023-02-24 03:14:15+00:00,1628956446170685440,as√≠ hace Skrillex sus canciones https://t.co/iVVNXXc8NZ,1472,33321,350,49,https://twitter.com/spreenfolders/status/1628951438851289088,es,False,,SpreenDMC
1628955915197075456,2023-02-24 03:12:09+00:00,1628874801535193088,@AngieVelasco08 si,151,8069,127,20,,und,False,938556788202528776,SpreenDMC
1628874801535193088,2023-02-23 21:49:50+00:00,1628874801535193088,"DOMINGO 20HS ARG 
EVENTO DE MINECRAFT PUERTAS
VAN A VER 2 PUERTAS UNA FACIL Y UNA DIFICIL
Esten atentos al discord para participar
y si hay algun streamer que lo quiera jugar avise por aca (no me hago responsable de demoras) https://t.co/OCiggC3g09",3772,92848,1876,300,https://twitter.com/SpreenDMC/status/1628874801535193088/photo/1,es,False,,SpreenDMC
1628853311553130499,2023-02-23 20:24:26+00:00,1628498432561238021,@LITkillah @redseyz JAJSSJJSJSJSJJJ,137,6664,104,9,,tr,False,765689852553723904,SpreenDMC
1628418654810304512,2023-02-22 15:37:16+00:00,1628415589692604416,@AleIVCR @_thelunch @TrezzeG uhhhhhj @Komanch devolve el esland putito,179,6774,111,49,,pt,False,3474294733,SpreenDMC
1628300839608586240,2023-02-22 07:49:07+00:00,1628124690068676608,"@GeorgeNotFound @SquidCraftGames esta todo piola entonces, sos parte de los bro",720,18086,120,64,,es,False,2941088926,SpreenDMC
1628298672373997571,2023-02-22 07:40:30+00:00,1627858328637304832,"ya la termine, por si se preguntan asi hago los planos de los eventos, este es de botones hago todo en miniatura todo explicado, despues laburan los pibes https://t.co/Y3DMK7aJWf",587,25364,322,52,https://twitter.com/SpreenDMC/status/1628298672373997571/photo/1,es,False,1004392807522553856,SpreenDMC
1628274822563209217,2023-02-22 06:05:44+00:00,1628124690068676608,@GeorgeNotFound @SquidCraftGames george no lo encontraron en los squid games de lo r√°pido que perdi√≥,972,24877,219,79,,es,False,2941088926,SpreenDMC
1628217791378595840,2023-02-22 02:19:06+00:00,1628217791378595840,gracias youtube https://t.co/GfWTTAJTSx,676,27417,266,6,https://twitter.com/YouTubeLATAM/status/1628170765097918464,es,False,,SpreenDMC
1628217320903479299,2023-02-22 02:17:14+00:00,1628212604404375552,@MauTPWK lo banco al pibe,220,16650,38,1,,es,False,846500736372539393,SpreenDMC
1628095977692311552,2023-02-21 18:15:04+00:00,1628059763517886467,@Komanch ch√∫pame la pija,641,37119,242,37,,es,False,278239905,SpreenDMC
1627792434276012036,2023-02-20 22:08:53+00:00,1627742696965083136,@LeonFFVII @Rubiu5 Bro espero tu prime üòé,57,3386,15,1,,es,False,441246402,SpreenDMC
1627770158835027973,2023-02-20 20:40:23+00:00,1627746826899292160,@quackitytheduck Voy a votar a Tubbo https://t.co/QpicwMKOmt,365,7314,185,64,https://twitter.com/SpreenDMC/status/1627770158835027973/photo/1,es,False,1359402753756303361,SpreenDMC
1627769820627324941,2023-02-20 20:39:02+00:00,1627482104987635713,@Jaairooo1 @EsVandal me alegro que te haya gustado pa,78,8809,15,0,,es,False,1312433708482387968,SpreenDMC
1627750653677211688,2023-02-20 19:22:52+00:00,1627496228635148289,@chaterboxd @lokonazo1 Uajajajajajajaj,91,7005,16,0,,es,False,565986856,SpreenDMC
1627512000350769154,2023-02-20 03:34:33+00:00,1627505035545378823,@CapitanGatoYT el karma actu√≥ solo merecido el bug en la final,206,14761,32,2,,es,False,1393983729094307849,SpreenDMC
1627505151845060608,2023-02-20 03:07:20+00:00,1627505151845060608,@gonchobanzas https://t.co/juLRVPDZz1,151,3503,38,2,https://twitter.com/skayneglow/status/1627501715778830336,qam,False,746903703622422528,SpreenDMC
1627490569990680577,2023-02-20 02:09:23+00:00,1627490569990680577,verde https://t.co/1xQQLVO1sQ,818,26857,228,9,https://twitter.com/spreenfolders/status/1627489177708244993,pt,False,,SpreenDMC
1627490507638157313,2023-02-20 02:09:08+00:00,1627490507638157313,RT @spreenfolders: @SpreenDMC parece que no fue el √∫nico https://t.co/9Mce5XSahr,410,0,0,0,https://twitter.com/spreenfolders/status/1627466768095608834/video/1,es,False,,SpreenDMC
1627488654384934920,2023-02-20 02:01:47+00:00,1627488654384934920,JSADJASJDSAJ https://t.co/PbjqqbzvSA,1190,39286,209,10,https://twitter.com/brendamonbe/status/1627464938959806464,tr,False,,SpreenDMC
1627391576061186048,2023-02-19 19:36:01+00:00,1627391576061186048,"RT @Erick_020506: Me gust√≥ como qued√≥ @SpreenDMC   
#spreenfanart #spreen #MinecraftExtremo https://t.co/4aVAwXnCqD",439,0,0,0,https://twitter.com/Erick_020506/status/1627385991358205952/photo/1,es,False,,SpreenDMC
1627033093809795072,2023-02-18 19:51:33+00:00,1626783966840688641,"a todos los streamers que invite, no se sientan presionados a participar si o si, les guardo el espacio y les paso el discord asi pueden entrar antes :D",374,17886,153,47,,es,False,1004392807522553856,SpreenDMC
1626999120006201344,2023-02-18 17:36:33+00:00,1626318616152125440,@KarlJacobs_ @Komanch https://t.co/2GhZcCBuxT,544,17363,107,32,https://twitter.com/SpreenDMC/status/1626999120006201344/photo/1,qme,False,2653325339,SpreenDMC
1626783966840688641,2023-02-18 03:21:36+00:00,1626783966840688641,"DOMINGO 20HS ARG 
EVENTO DE MINECRAFT COLORES
Esten atentos al discord para participar
y si hay algun streamer que lo quiera jugar avise por aca (no me hago responsable de demoras) XD
EVENTO EJEMPLO: 
https://t.co/PK0XIZ1nHX https://t.co/06ZWd0RF08",2805,63419,1386,258,https://youtu.be/uPCZUdFKs8A,es,False,,SpreenDMC
1626644899687763970,2023-02-17 18:09:00+00:00,1626598289482317830,@gonchobanzas buenos d√≠as,70,3651,25,1,,es,False,746903703622422528,SpreenDMC
1626604573182795777,2023-02-17 15:28:45+00:00,1626599397432889345,@lollapaloozaar @Skrillex seeee,72,6456,23,3,,und,False,1710342392,SpreenDMC
1626604315790958592,2023-02-17 15:27:44+00:00,1626604315790958592,noooo nacho https://t.co/W6jVnc3Mgy,2100,102336,898,113,https://twitter.com/SpreenDMC/status/1626604315790958592/photo/1,pt,False,,SpreenDMC
1626598289482317830,2023-02-17 15:03:47+00:00,1626598289482317830,"yo: subo un TikTok jugando minecraft 
respuesta promedio: yo soy mejor que spreen porque no me siguen a mi ü§ì‚òùÔ∏è",1117,48858,487,49,,es,False,,SpreenDMC
1626321837377433600,2023-02-16 20:45:16+00:00,1626318616152125440,@Komanch los re banco qu√© haces invitando puro estadunidense aguante la comunidad hispanohablante karl es re boludo yo que vos lo saco,1176,65350,379,215,,es,False,278239905,SpreenDMC
1626031229102395393,2023-02-16 01:30:29+00:00,1626031229102395393,https://t.co/xVOcuDTIrM,2115,45145,280,48,https://twitter.com/SpreenDMC/status/1626031229102395393/video/1,zxx,False,,SpreenDMC
1626029000001724416,2023-02-16 01:21:38+00:00,1626029000001724416,Gente ma√±ana prendo con conter shadoune y cris intentando hacer un challenge en minecraft,1865,55246,1056,473,,es,False,,SpreenDMC
1625973615660265473,2023-02-15 21:41:33+00:00,1625973545296691223,perdon x la minitura no la hice yo @JuanSGuarnizo,253,16620,111,6,,es,False,1004392807522553856,SpreenDMC
1625973545296691223,2023-02-15 21:41:16+00:00,1625973545296691223,NUEVO VIDEO EPICO https://t.co/CBfIanNnxJ,659,20579,193,32,https://www.youtube.com/watch?v=AlaUYczGQDE,es,False,,SpreenDMC
1625955286459551749,2023-02-15 20:28:43+00:00,1625662992045027328,"@Maurici94015851 que gran detalle, sos un maestro, esto me sirve mucho de motivaci√≥n como lo pude haber sido yo para vos üòé",227,18454,63,27,,es,False,1482162873166188550,SpreenDMC
1625935876537589762,2023-02-15 19:11:36+00:00,1625626053854068736,@rombeyy @3nzocs Responde wsp boludito,45,1647,4,1,,es,False,3309895583,SpreenDMC
1625762171362705408,2023-02-15 07:41:21+00:00,1625656444921032704,@Komanch @sapnap comanche a mi me mandaste un formulario no un tweet esto es preferencia,440,16715,121,41,,es,False,278239905,SpreenDMC
1625583839035654144,2023-02-14 19:52:43+00:00,1625583839035654144,Termina la champions y prendo,708,38718,589,106,,es,False,,SpreenDMC
1625448183236026368,2023-02-14 10:53:40+00:00,1625409563565383680,"@kendomurft perd√≥n, pero dame los consejos",140,12549,43,9,,es,False,1254582074700414976,SpreenDMC
1625385401069236224,2023-02-14 06:44:12+00:00,1625384565446524928,reci√©n encontr√© la lapicera que me daba electroshocks que me regalo oscu y me re cague probando si andaba,599,30004,354,41,,es,False,1004392807522553856,SpreenDMC
1625335431620337666,2023-02-14 03:25:38+00:00,1625308352304537600,@KarlJacobs_ Wtf,554,23349,251,16,,und,False,2653325339,SpreenDMC
1625310101614518273,2023-02-14 01:44:59+00:00,1625308352304537600,@CooLifeGame no lo uso igual chill uso el t√≠o nacho üòéüëç,103,6178,73,5,,es,False,475078654,SpreenDMC
1625308352304537600,2023-02-14 01:38:02+00:00,1625308352304537600,hola twitter https://t.co/N78sO3OXGv,5907,186492,2919,854,https://twitter.com/SpreenDMC/status/1625308352304537600/photo/1,fr,False,,SpreenDMC
1625307275769393152,2023-02-14 01:33:45+00:00,1625291595661680640,@kjupdatesesp @KarlJacobs_ sos un capo,629,23979,140,46,,es,False,1381990582550155265,SpreenDMC
1625219616443080719,2023-02-13 19:45:26+00:00,1625217679761055745,"@SquidCraftGames Mentira no s√© si estoy invitado todav√≠a, espero que si, gracias saludos",332,16278,284,89,,es,False,1004392807522553856,SpreenDMC
1625218498187108363,2023-02-13 19:40:59+00:00,1625217679761055745,@SquidCraftGames como que en mexico? Yo voy a jugar desde mi casa,466,31877,143,24,,es,False,1460408770639675393,SpreenDMC
1625211137070403598,2023-02-13 19:11:44+00:00,1625211137070403598,A las 7 jugamos al roblox con el Carlos,1489,42394,787,295,,es,False,,SpreenDMC
1625178130678792209,2023-02-13 17:00:35+00:00,1625160671196315649,@Rickyexp a bueno lo que garpa el ibai,75,8865,13,0,,es,False,232991719,SpreenDMC
1625011551244525569,2023-02-13 05:58:39+00:00,1624994204073033728,@arigameplays √©pico üòé,237,15605,95,2,,und,False,2597010860,SpreenDMC
1624999450392379393,2023-02-13 05:10:34+00:00,1624994204073033728,"@Komanch que cancion de mierda 
aprende https://t.co/4UEG9UGpmX",271,9769,127,20,https://www.youtube.com/watch?v=qExd-3oCTl4,es,False,278239905,SpreenDMC
1624996840218189826,2023-02-13 05:00:12+00:00,1624994204073033728,@Jade_schzz as√≠ me llevo con mis panas üòéüëç,162,8504,42,28,,es,False,1618091888820502529,SpreenDMC
1624994204073033728,2023-02-13 04:49:43+00:00,1624994204073033728,"gente hablando enserio‚Ä¶
soy facha? https://t.co/WhoQaMllS9",3624,137855,3802,305,https://twitter.com/SpreenDMC/status/1624994204073033728/photo/1,es,False,,SpreenDMC
1624976739230261248,2023-02-13 03:40:19+00:00,1624948157866995712,@JuanSGuarnizo @dedreviil The weeknd,304,11990,171,38,,en,False,285081945,SpreenDMC
1624954206032474116,2023-02-13 02:10:47+00:00,1624948157866995712,@polispol @dedreviil que suerte la de algunos,142,8255,32,1,,es,False,67348503,SpreenDMC
1624953760081494017,2023-02-13 02:09:01+00:00,1624948157866995712,@dedreviil https://t.co/0Qjp5Vv2Pw,122,7586,16,2,https://youtu.be/EsopN7JKUVs,qme,False,71629213,SpreenDMC
1624948157866995712,2023-02-13 01:46:45+00:00,1624948157866995712,"buen show de rihanna
el mejor sigue siendo de michael jackson",1563,48270,591,186,,es,False,,SpreenDMC
1624938366008541190,2023-02-13 01:07:51+00:00,1624927291514974209,@iaraafr @spreenIy @yoonlyndz el rollo‚Ä¶ completo‚Ä¶.,127,4999,202,53,,es,False,1588790844,SpreenDMC
1624938021526073344,2023-02-13 01:06:28+00:00,1624927291514974209,@spreenIy @yoonlyndz se me cayo el papel al inodoro y dej√© todo ah√≠ para tirarlo,129,4939,52,4,,es,False,3102160154,SpreenDMC
1624932932291858436,2023-02-13 00:46:15+00:00,1624927291514974209,@yoonlyndz Gorra aplastada saludos :v https://t.co/BYv7ghQIir,633,12153,286,238,https://twitter.com/SpreenDMC/status/1624932932291858436/photo/1,es,False,3777009072,SpreenDMC
1624927291514974209,2023-02-13 00:23:50+00:00,1624927291514974209,https://t.co/ysnElht2Eh,3773,111025,554,74,https://twitter.com/SpreenDMC/status/1624927291514974209/photo/1,zxx,False,,SpreenDMC
1624646659798929409,2023-02-12 05:48:42+00:00,1624646659798929409,RT @sufflerim: Hice un spreen con la polera del diablo (sorry la poca limpieza pero pens√© que as√≠ quedaba mejor jdjj)  #spreenfanart #spree‚Ä¶,568,0,0,0,,es,False,,SpreenDMC
1624551211650220032,2023-02-11 23:29:26+00:00,1624545535662202880,@TheDaarick28 gracias por el saludo,151,3657,30,5,,es,False,1732320572,SpreenDMC
1624529863469150208,2023-02-11 22:04:36+00:00,1624214177513349122,@saramalacara_ magia,75,3429,32,4,,it,False,2407248138,SpreenDMC
1624500755141914624,2023-02-11 20:08:56+00:00,1624496110973714433,https://t.co/CII17NT0dL,519,23059,150,12,https://twitter.com/SpreenDMC/status/1624500755141914624/photo/1,zxx,False,1004392807522553856,SpreenDMC
1624496110973714433,2023-02-11 19:50:29+00:00,1624496110973714433,el mejor video de mi canal https://t.co/QgmtdT5r2P,1016,24767,357,31,https://www.youtube.com/watch?v=ME_HtMN-MNI,es,False,,SpreenDMC
1624489083660541955,2023-02-11 19:22:33+00:00,1624311667403153409,@Roiereal :v,444,18466,220,36,,und,False,278778899,SpreenDMC
1624488271676862464,2023-02-11 19:19:20+00:00,1624203669469118465,@JuanSGuarnizo https://t.co/OvdBKnoj7n,279,12654,325,60,https://youtu.be/Pu-C14tvYYk,qme,False,285081945,SpreenDMC
1624486997044731911,2023-02-11 19:14:16+00:00,1624311667403153409,"@Roiereal felciitaciones me chupa un huevo igual, pero re copado que llegaste",833,49583,284,71,,es,False,278778899,SpreenDMC
1624214177513349122,2023-02-11 01:10:11+00:00,1624214177513349122,facts https://t.co/bQ3qIEKBft,3217,80613,353,16,https://twitter.com/Rios28145102/status/1624213638650245124,en,False,,SpreenDMC
1624203669469118465,2023-02-11 00:28:25+00:00,1624203669469118465,https://t.co/8e0twSUhhL,5594,178790,2091,550,https://twitter.com/SpreenDMC/status/1624203669469118465/photo/1,zxx,False,,SpreenDMC
1624195625221820416,2023-02-10 23:56:27+00:00,1624195625221820416,üòî https://t.co/TQuvsXuCKu,3681,64113,1166,111,https://twitter.com/spreenfolders/status/1624194787732496385,art,False,,SpreenDMC
1624113657079537664,2023-02-10 18:30:45+00:00,1624109352322727969,@elmarianaa dale los cobro as√≠ recupero lo de los vuelos y me hago unos pesos extras,564,31689,234,15,,es,False,1303576011716595712,SpreenDMC
1623932085684822016,2023-02-10 06:29:15+00:00,1623932085684822016,muy buena me gusta mucho https://t.co/ESriu1FSJd,566,26521,169,28,https://twitter.com/alannayeoo/status/1622726616034996229,es,False,,SpreenDMC
1623859098621038592,2023-02-10 01:39:13+00:00,1623851915145510912,@DavooXeneizeJRR cuando nos juntamos a construir la bombonera en minecraft,217,11176,73,33,,es,False,836969699665670145,SpreenDMC
1623824261042380804,2023-02-09 23:20:47+00:00,1623824261042380804,Probando nuevos sonidos para la comunidad de asmr https://t.co/Jb8pLTgfsh,1594,41326,499,59,https://twitter.com/slitguk/status/1623817453011697664,es,False,,SpreenDMC
1623822674962132995,2023-02-09 23:14:29+00:00,1623822674962132995,asmr pro https://t.co/s3toxlxx9h,1564,32041,624,61,https://twitter.com/SpreenUpdates/status/1623808080424083457,it,False,,SpreenDMC
1623791167786700802,2023-02-09 21:09:17+00:00,1623791167786700802,on https://t.co/BnWHAIRyDk https://t.co/rlnjwxH3de,1395,47581,326,184,https://www.twitch.tv/elspreen,und,False,,SpreenDMC
1623490941628866560,2023-02-09 01:16:18+00:00,1623490941628866560,ma√±ana asmr? https://t.co/p3quiUDHPq,3084,108441,2394,605,https://twitter.com/SpreenDMC/status/1623490941628866560/photo/1,es,False,,SpreenDMC
1623160230577143808,2023-02-08 03:22:10+00:00,1623087714932297728,@Shadoune666 @MissaSinfonia @Quackity @Rubiu5 como yo en ringcraft,335,16231,200,15,,en,False,743896424,SpreenDMC
1623128047640580096,2023-02-08 01:14:17+00:00,1623128047640580096,muchachos lleg√≥ el momento‚Ä¶ https://t.co/RYIXVklKnK,3389,114617,1032,152,https://twitter.com/SpreenDMC/status/1623128047640580096/photo/1,es,False,,SpreenDMC
1623127816941215745,2023-02-08 01:13:22+00:00,1623074371144151040,@DonReborn2 gracias papu :v,247,12856,118,55,,es,False,1188895278801309696,SpreenDMC
1623126459907801088,2023-02-08 01:07:58+00:00,1623126459907801088,pero veo un mensaje de que el borde se est√° cerrando https://t.co/DnAtnwcmQL https://t.co/t38Lk3Tlu8,1507,50578,366,61,https://twitter.com/SpreenDMC/status/1623126459907801088/photo/1,es,False,,SpreenDMC
1623118508857913347,2023-02-08 00:36:23+00:00,1623087714932297728,@Shadoune666 @MissaSinfonia @Quackity @Rubiu5 te coje,412,19264,193,19,,es,False,743896424,SpreenDMC
1623117795314507777,2023-02-08 00:33:33+00:00,1623087714932297728,@Shadoune666 @MissaSinfonia @Quackity @Rubiu5 https://t.co/pgjuaJDQ6C,376,15165,140,31,https://youtu.be/QofWx9EEQAM,qme,False,743896424,SpreenDMC
1623114826628186114,2023-02-08 00:21:45+00:00,1623114591432589313,@beemoooooo00 gracias papu,51,2329,14,2,,es,False,841828939366596608,SpreenDMC
1623092633529614336,2023-02-07 22:53:34+00:00,1623091638926016515,@Jerecartala Lo voy a recompensar üòéüëç,263,22693,171,54,,es,False,1351372127610560513,SpreenDMC
1623087994285481988,2023-02-07 22:35:08+00:00,1623087714932297728,@Shadoune666 @MissaSinfonia @Quackity @Rubiu5 no quiero tu victoria sucia cagon,1220,44718,628,146,,es,False,743896424,SpreenDMC
1623087846704701440,2023-02-07 22:34:32+00:00,1623087846704701440,"Este minecraft extremo nomas dejo en claro una sola cosa 

Ibai &gt; Spreen",3724,132604,846,121,,es,False,,SpreenDMC
1623087463215382531,2023-02-07 22:33:01+00:00,1623074371144151040,@arigameplays üòéüëç,295,17948,68,8,,qme,False,2597010860,SpreenDMC
1623087384236552192,2023-02-07 22:32:42+00:00,1623074371144151040,@Dess_t3 gracias papu,126,6261,37,11,,es,False,1276805799457718272,SpreenDMC
1623087245551976449,2023-02-07 22:32:09+00:00,1623074371144151040,@dedreviil Jajajaaj es que pens√© que era como en servers el borde pero estaba de ruta,157,10615,45,2,,es,False,71629213,SpreenDMC
1623074371144151040,2023-02-07 21:41:00+00:00,1623074371144151040,"la verdad que no me esperaba que el borde fuera tan rapido, fue una paja porque me quede con ganas de pelear despu√©s de buscar gente por 7 horas y no encontrar a casi nadie xD, pero bueno estuvo piola https://t.co/iTHos002yQ",2957,79737,1611,297,https://twitter.com/Tortilla_Land/status/1623073558644637698,es,False,,SpreenDMC
1622765668264251392,2023-02-07 01:14:19+00:00,1622765503256166402,"@SoyFarfadox suerte en tu viaje, tr√°eme un souvenir",197,11018,19,2,,es,False,3025870798,SpreenDMC
1622764615632297986,2023-02-07 01:10:08+00:00,1622764615632297986,el pico me sonr√≠e https://t.co/BTUnDv82Fq,1860,47323,568,166,https://twitter.com/gifsspreen/status/1622755648554270720,es,False,,SpreenDMC
1622674205643874311,2023-02-06 19:10:53+00:00,1622673528892923917,@rockyhugme https://t.co/r4iGkC4qh5,152,6956,75,14,https://twitter.com/SpreenDMC/status/1622674205643874311/photo/1,qme,False,1654226292,SpreenDMC
1622673890144133138,2023-02-06 19:09:37+00:00,1622634625431654400,@Rubiu5 @Conterstine,1056,41161,586,165,,qam,False,398306220,SpreenDMC
1622673528892923917,2023-02-06 19:08:11+00:00,1622673528892923917,Yo ser√≠a vegetariano si no fuera por las hamburguesas #ad,2011,56952,656,232,,es,False,,SpreenDMC
1622431879109410817,2023-02-06 03:07:57+00:00,1622431420022149121,"@CapMorgan088 segu√≠ meti√©ndole pa, aca todo se puede",492,42275,94,35,,es,False,1283303940399013888,SpreenDMC
1622394116754530305,2023-02-06 00:37:54+00:00,1622394116754530305,"Ma√±ana la final de minecraft extremo 
Hoy me la pase viendo f√∫tbol y ahora mirando el partido de Colon as√≠ que ma√±ana ya volvemos con toda que ya me recupere üòéüòé",1211,46137,446,57,,es,False,,SpreenDMC
1622013898365845504,2023-02-04 23:27:03+00:00,1622013898365845504,"RT @Conterstine: Segunda foto que ped√≠ en mi vida
PD: Yo no le di las flores https://t.co/gOjueWOmrR",2070,0,0,0,https://twitter.com/Conterstine/status/1621991186276696064/photo/1,es,False,,SpreenDMC
1621951698284470274,2023-02-04 19:19:53+00:00,1621919138829434881,@BadEndingg_ @Zetah_Tz @nicolinopai @Gonnzak_ @rodricarreraaa @lokonazo1 @chillbtw @MrBeast ? agarras un mod pelotudo le ense√±as a laburar y as√≠ te agradecen las ratas,524,16219,361,66,,es,False,4830854536,SpreenDMC
1621852270450155522,2023-02-04 12:44:48+00:00,1621852270450155522,gente arranque otro negocio https://t.co/IyzBrcE6da,3317,117006,679,85,https://twitter.com/SpreenDMC/status/1621852270450155522/photo/1,es,False,,SpreenDMC
1621688907518689281,2023-02-04 01:55:39+00:00,1621688907518689281,"Fuerzas a la gente de Chile con todo el tema de los #IncendiosForestales, intenten tener cuidado y ayudar lo m√°s posible en este momento",5354,110061,1272,338,,es,False,,SpreenDMC
1621659697597087751,2023-02-03 23:59:35+00:00,1621649481321091073,@Conterstine @Zilverk pajero,200,10256,91,15,,es,False,1375877599,SpreenDMC
1621652008032665601,2023-02-03 23:29:02+00:00,1621652008032665601,El video con carlitos con subtiutlos https://t.co/Uhs0HLq0TG,1517,38910,362,103,https://youtu.be/s0o4egg86qk,es,False,,SpreenDMC
1621619572775305218,2023-02-03 21:20:09+00:00,1621607403761422338,@Roiereal @carrera Era marketing para que boludos como vos comenten y me publiciten mas el stream,525,26975,176,28,,es,False,278778899,SpreenDMC
1621607403761422338,2023-02-03 20:31:47+00:00,1621607403761422338,Ma√±ana stream probando todos los DULCES MEXICANOS con @Carrera,4629,125494,2349,1156,,es,False,,SpreenDMC
1621605087188602881,2023-02-03 20:22:35+00:00,1621585012788264960,"@IbaiLlanos Tuviste un buen a√±o ibai eso lo juro, el m√≠o est√° llegando lento pero seguro",1257,62847,424,125,,es,False,2754746065,SpreenDMC
1621293843772542976,2023-02-02 23:45:49+00:00,1621289428915261441,@Rubiu5 https://t.co/p9Lj9lf1x8,2221,36566,133,65,https://twitter.com/SpreenDMC/status/1621293843772542976/video/1,qme,False,1004392807522553856,SpreenDMC
1621289428915261441,2023-02-02 23:28:16+00:00,1621289428915261441,JAJAJSJSJSJJ https://t.co/T2ZPAwlbHl,3669,54831,361,78,https://twitter.com/SpreenDMC/status/1621289428915261441/video/1,it,False,,SpreenDMC
1621272714810986497,2023-02-02 22:21:51+00:00,1620963962606219265,@SantutuOOC_ @Santetitas que haga streams 1 mes completo y se lo acepto,242,22517,60,6,,es,False,1489279742654271493,SpreenDMC
1621212343542681607,2023-02-02 18:21:58+00:00,1621212343542681607,RT @samyriveratv: https://t.co/4RHJBKF3l3,8927,0,0,0,https://twitter.com/samyriveratv/status/1620993934536343552/photo/1,zxx,False,,SpreenDMC
1621166499493990403,2023-02-02 15:19:47+00:00,1621166499493990403,https://t.co/AblF7p5ngu,2270,73644,773,151,https://twitter.com/SpreenDMC/status/1621166499493990403/photo/1,zxx,False,,SpreenDMC
1620931401557200897,2023-02-01 23:45:36+00:00,1620924583116443649,@arigameplays no me puedo ni mover XD,402,27991,347,30,,es,False,2597010860,SpreenDMC
1620865816479600663,2023-02-01 19:24:59+00:00,1620840305632346113,@Roiereal seguro me contagio algo tu vieja cuando vino a visitarme al hotel,460,21373,156,35,,es,False,278778899,SpreenDMC
1620841865879879680,2023-02-01 17:49:49+00:00,1620841865879879680,"Ya vi que me hackearon el canal de vlogs no se preocupen ya lo solucione, yo estafaba a gente en habbo",4201,143016,1194,343,,es,False,,SpreenDMC
1620840599879561216,2023-02-01 17:44:47+00:00,1620812326009212929,@LuzuInfo Jajajajajajajajajaj gracias capo @LuzuGames,361,23477,73,7,,es,False,1589350319556857856,SpreenDMC
1620593267330154501,2023-02-01 01:21:58+00:00,1620357680740311043,@KarlJacobs_ okay lets make a slumber party playing fifa,756,21884,275,98,,en,False,2653325339,SpreenDMC
1620357680740311043,2023-01-31 09:45:50+00:00,1620357680740311043,https://t.co/Dd6XTeWIyp,13177,248332,1405,706,https://twitter.com/SpreenDMC/status/1620357680740311043/photo/1,zxx,False,,SpreenDMC
1620353102942736385,2023-01-31 09:27:39+00:00,1620138645671002112,"@Robleis01 en realidad esta bien porque puse ponen, no pongo",339,20325,167,8,,es,False,1277824644,SpreenDMC
1620195377751404546,2023-01-30 23:00:54+00:00,1620195377751404546,https://t.co/EI9rum0y29 https://t.co/VhlTD7FFWx,10771,188567,1473,946,https://twitter.com/SpreenDMC/status/1620195377751404546/photo/1,zxx,False,,SpreenDMC
1620138645671002112,2023-01-30 19:15:28+00:00,1620138645671002112,pov ponen un stream de ElSpreen https://t.co/3RWMz52syS,4075,126530,875,122,https://twitter.com/IbaiLlanos/status/1619886470894096385,no,False,,SpreenDMC
1620083387204775938,2023-01-30 15:35:53+00:00,1620080675742433280,@Puvlo69 Puvlo sos un capo,401,26123,90,21,,es,False,1702596446,SpreenDMC
1620010582564044800,2023-01-30 10:46:35+00:00,1620010582564044800,"RT @Jally84982: Los streamers revelaci√≥n ‚ô°

@SpreenDMC @Noniigamer @ElAlexQuackity @samyriveratv #Spreenfanart https://t.co/vretEL5Cur",4823,0,0,0,https://twitter.com/Jally84982/status/1619942478970511362/photo/1,es,False,,SpreenDMC
1620010403110752258,2023-01-30 10:45:53+00:00,1619999502819278849,@Roberto_Cein ü•µ,280,27829,71,8,,qme,False,164425470,SpreenDMC
1619896560225234946,2023-01-30 03:13:30+00:00,1619857678452551681,@KarlJacobs_ üíïüíïüíï,1029,28538,265,106,,qme,False,2653325339,SpreenDMC
1619869761353183234,2023-01-30 01:27:01+00:00,1619869761353183234,los pibes en los esland / yo https://t.co/yaiWgmHSSL,9952,188070,1201,303,https://twitter.com/SpreenDMC/status/1619869761353183234/photo/1,es,False,,SpreenDMC
1619868776669007872,2023-01-30 01:23:06+00:00,1619854064753479680,@LITkillah Comete esta jajaja te regalaste,982,49985,267,78,,es,False,765689852553723904,SpreenDMC
1619864851375099906,2023-01-30 01:07:30+00:00,1619864404031569922,@elmarianaa Tu premio es que hoy cojemos,4303,125188,1884,927,,es,False,1303576011716595712,SpreenDMC
1619859998527602688,2023-01-30 00:48:13+00:00,1619849304449093633,@SpreenUpdates Si era m√°s violenta lo baneaban de Twitch jjajajajaja,1113,50351,268,35,,es,False,1410325760443834372,SpreenDMC
1619859574236012544,2023-01-30 00:46:32+00:00,1619859574236012544,RT @LITkillah: Uno q la esta pasando chido es este morro @spreen https://t.co/HPWxGPunby,5135,0,0,0,https://twitter.com/LITkillah/status/1619761129512910848/photo/1,es,False,,SpreenDMC
1619859129690132481,2023-01-30 00:44:46+00:00,1619841761882574848,@SoyFarfadox cine,591,43949,90,2,,et,False,3025870798,SpreenDMC
1619857678452551681,2023-01-30 00:39:00+00:00,1619857678452551681,"que locura 
muchas gracias
(pd: si fui como si reci√©n me levantaba) https://t.co/u0OPKzfxwV",13167,199778,2742,621,https://twitter.com/SpreenDMC/status/1619857678452551681/photo/1,es,False,,SpreenDMC
1619856837003866114,2023-01-30 00:35:40+00:00,1619856837003866114,RT @rodricarreraaa: se quedo dormido XD https://t.co/LSsfBM00JT,16466,0,0,0,https://twitter.com/rodricarreraaa/status/1619762220614975489/photo/1,es,False,,SpreenDMC
1619734065695068160,2023-01-29 16:27:49+00:00,1619734065695068160,elmariana ayer me dijo de cojer esta loco,4720,183752,1789,470,,es,False,,SpreenDMC
1619715188579782659,2023-01-29 15:12:48+00:00,1619715188579782659,ü•µ https://t.co/6IKtsaWRIE,3139,90205,410,21,https://twitter.com/MissaSinfonia/status/1619707210564788229,art,False,,SpreenDMC
1619705235978747904,2023-01-29 14:33:15+00:00,1619701778890780675,@Roiereal la chupas bien,1855,58917,943,494,,es,False,278778899,SpreenDMC
1619704233674313730,2023-01-29 14:29:16+00:00,1619696690994503682,@JuanSGuarnizo necesito comer algo que no tenga picante o muero,702,36284,316,56,,es,False,285081945,SpreenDMC
1619703788704792578,2023-01-29 14:27:30+00:00,1619696690994503682,@JuanSGuarnizo Sos un pelotudo me diste como 8 de esos y encima me hicieron pija la pieza,991,48819,155,86,,es,False,285081945,SpreenDMC
1619525090592559105,2023-01-29 02:37:25+00:00,1619525090592559105,QUE LOCURA https://t.co/1Tm48EkCpT,4149,119517,777,109,https://twitter.com/SpreenUpdates/status/1619523295824715777,es,False,,SpreenDMC
1619514678828490752,2023-01-29 01:56:03+00:00,1619514678828490752,"Gracias a todos los que vinieron a recibirnos, perd√≥n por no poder dedicar todo el tiempo pero igualmente hicimos todo lo que pudimos, muchas gracias por todos los regalos tambi√©n jajajajaja https://t.co/eBfEHCf3kd",3659,93747,1166,319,https://twitter.com/cudblegs/status/1619513977700220930,es,False,,SpreenDMC
1619130889086312448,2023-01-28 00:31:00+00:00,1619130889086312448,"RT @Tortilla_Land: ‚Äì Yo no pico a @SpreenDMC, es demasiado killer.

El killer mientras tanto: https://t.co/0DiTwz4I59",3169,0,0,0,https://twitter.com/Tortilla_Land/status/1619083406616449025/video/1,es,False,,SpreenDMC
1619129944671649792,2023-01-28 00:27:15+00:00,1619129944671649792,RT @SpreenUpdates: https://t.co/74Usbjt7PI,1181,0,0,0,https://twitter.com/SpreenUpdates/status/1619091140124491782/video/1,zxx,False,,SpreenDMC
1619129014077247488,2023-01-28 00:23:33+00:00,1619034807408951296,@MissaSinfonia Feliz cumplea√±os papaaaaaaaaa,650,36517,79,21,,es,False,157767109,SpreenDMC
1618492184474554369,2023-01-26 06:13:01+00:00,1618492184474554369,Hab√≠a que meterle pilas xD https://t.co/50PeJCfNXs,746,32256,380,32,https://twitter.com/SpreenDMC/status/1139691161935704064,es,False,,SpreenDMC
1618442831244464131,2023-01-26 02:56:54+00:00,1618425978598068230,@polispol Sale torneo de geo guessser,208,21166,59,3,,es,False,67348503,SpreenDMC
1618425260868767744,2023-01-26 01:47:05+00:00,1618415790277169152,"@ElAlexQuackity @Tortilla_Land amigo es el mejor puto waterdrop de la serie, encima con escudo, aprende @Rubiu5",1960,45832,207,96,,es,False,1415218313647382528,SpreenDMC
1618423251147063297,2023-01-26 01:39:06+00:00,1618412509832318979,@spreensitos @JuanSGuarnizo algun dia hermano saldra üòî,374,23666,65,18,,es,False,1494075404516139009,SpreenDMC
1618408473255112706,2023-01-26 00:40:23+00:00,1618361453412765697,@TheGrefg voy a honrar tu cabeza,207,11838,40,1,,es,False,1056396672,SpreenDMC
1618324534167474177,2023-01-25 19:06:50+00:00,1618323929357246464,@TheGrefg @PremiosESLAND @lolaindigomusic @jhaycortez y harry styles?? no entres a extremo hoy,940,38831,249,171,,es,False,1056396672,SpreenDMC
1618292784720678914,2023-01-25 17:00:40+00:00,1618292616109428743,@Shadoune666 tiene una hermana buenarda,461,19184,217,31,,es,False,743896424,SpreenDMC
1618292556345016320,2023-01-25 16:59:46+00:00,1618272813793837057,@Karchezzz @Tortilla_Land ya te gustar√≠a,147,9227,20,1,,es,False,1257375500386947072,SpreenDMC
1618130611562254338,2023-01-25 06:16:15+00:00,1617943817969340416,@IbaiLlanos la cocnha de su madre me filtraron el video off stream,384,24678,154,5,,es,False,2754746065,SpreenDMC
1617705728550240257,2023-01-24 02:07:55+00:00,1617705728550240257,RT @LuciDicen: la muerte de #quackity en la vista de #spreen es magnifica JASJAJS https://t.co/31iTouNzc8,2996,0,0,0,https://twitter.com/LuciDicen/status/1617672689996689409/video/1,es,False,,SpreenDMC
1617579704424501248,2023-01-23 17:47:09+00:00,1617575338028171266,@Thebatfiregamer JAJSJJSJS,40,2961,7,0,,it,False,1505756453558272003,SpreenDMC
1617575338028171266,2023-01-23 17:29:48+00:00,1617575338028171266,Lo que no sabe auron es que soborne a un admin https://t.co/mR0NihqcS8,1281,43126,348,56,https://twitter.com/lonnelyystar/status/1617573116762546177,es,False,,SpreenDMC
1617160380438003712,2023-01-22 14:00:54+00:00,1617145076093943810,"@IbaiLlanos Justin Bieber, Harry Styles o dw ultima a Seokjin",3538,59548,919,1567,,in,False,2754746065,SpreenDMC
1617109712608137218,2023-01-22 10:39:34+00:00,1617109712608137218,re enfermo https://t.co/ByFYXovbRJ,2744,67234,449,70,https://twitter.com/spreenfolders/status/1616960130163023873,es,False,,SpreenDMC
1617074740140859392,2023-01-22 08:20:36+00:00,1616926200584101888,@_biyin_ perd√≥n üòî,238,19359,74,9,,es,False,1344602510,SpreenDMC
1616997501696970752,2023-01-22 03:13:41+00:00,1616968725017800704,@MissaSinfonia Que maestro,627,34318,87,9,,es,False,157767109,SpreenDMC
1616617155704881153,2023-01-21 02:02:19+00:00,1616617155704881153,Este timing de waterdrop me dejo flipando https://t.co/d4FO380vVJ,2060,50595,625,99,https://twitter.com/sp_Sae/status/1616613047186984961,es,False,,SpreenDMC
1616249702294470658,2023-01-20 01:42:12+00:00,1616249702294470658,agarre la pala üòé https://t.co/TMqLyEwvVz,463,12148,250,23,https://twitter.com/SpreenUpdates/status/1616179559430344704,eu,False,,SpreenDMC
1616069145040424960,2023-01-19 13:44:43+00:00,1616068017863168002,https://t.co/J7OvXY4QRi,2050,40684,390,168,https://twitter.com/SpreenDMC/status/1616069145040424960/photo/1,zxx,False,1004392807522553856,SpreenDMC
1615605453534158848,2023-01-18 07:02:11+00:00,1615605453534158848,RT @SpreenWorld_: üì¶NUEVA PUBLICACION EN LA PAGINA: https://t.co/skZ6BcL4hyüí∞,167,0,0,0,https://spreen.world/noticias/caja,es,False,,SpreenDMC
1615523000895373312,2023-01-18 01:34:33+00:00,1615508847308709890,@Rubiu5 @Roiereal buena manera de atraer gente a su muerte,334,19697,55,6,,es,False,398306220,SpreenDMC
1615511425551683584,2023-01-18 00:48:33+00:00,1615508800542310402,@NoSoyEl8cho ok,337,24520,174,50,,und,False,1455155234863517709,SpreenDMC
1615510671147372544,2023-01-18 00:45:33+00:00,1615510671147372544,RT @brendamonbe: la ca√≠da de spreen desde la perspectiva de missa JAJSJAJAJAJA EL GRITO https://t.co/08Af6FiJyZ,1714,0,0,0,https://twitter.com/brendamonbe/status/1615461479523786757/video/1,es,False,,SpreenDMC
1615390496464961547,2023-01-17 16:48:01+00:00,1615390496464961547,Dentro de un rato prendo mostrando el nuevo starting soon + minecrsft extremo,513,23712,313,38,,es,False,,SpreenDMC
1615238599221313536,2023-01-17 06:44:26+00:00,1615238062019121154,@rodricarreraaa vos tambi√©n !,329,18040,167,40,,es,False,2177946643,SpreenDMC
1615238062019121154,2023-01-17 06:42:18+00:00,1615238062019121154,no me la contes https://t.co/YxmKXyKlzS,619,29130,412,37,https://twitter.com/Tortilla_Land/status/1615163549944352773,es,False,,SpreenDMC
1615132224810098689,2023-01-16 23:41:44+00:00,1615132224810098689,"JUEVES 
Opening de LA CAJA MISTERIOSA de $500.000 https://t.co/PS4Il4Wb3C",1239,35592,412,98,https://twitter.com/SpreenDMC/status/1615132224810098689/photo/1,es,False,,SpreenDMC
1615073083563409419,2023-01-16 19:46:44+00:00,1615073083563409419,ma√±ana nos vemos con el arranque de minecraft extremo üòé,894,36525,398,55,,es,False,,SpreenDMC
1614732520729284609,2023-01-15 21:13:27+00:00,1614732520729284609,https://t.co/Gmlb0998ZO,5763,136336,691,491,https://twitter.com/SpreenDMC/status/1614732520729284609/photo/1,zxx,False,,SpreenDMC
1614712265961529344,2023-01-15 19:52:58+00:00,1614712265961529344,RT @cccatiii: LE AGREGARON AL CARTEL Q SPREEN ES STREAMER DEL A√ëO https://t.co/Geejpx38cE,757,0,0,0,,es,False,,SpreenDMC
1614374374487859202,2023-01-14 21:30:19+00:00,1614241859580174338,@Tortilla_Land na mejor una encuesta para enviar a alguien a un mini juego que sea dif√≠cil tipo parkour o algo m√°s que dependa de suerte el pvp estar√≠a bueno que se d√© naturalmente ya que es parte de la serie,320,18086,116,52,,es,False,1404546174833549314,SpreenDMC
1614118272412049412,2023-01-14 04:32:39+00:00,1613877734077243392,@ESHabbo @bizarrap sale show en habbo,180,14108,47,10,,en,False,51014081,SpreenDMC
1614052202770796544,2023-01-14 00:10:07+00:00,1614052202770796544,https://t.co/WkuzrHZGqA,10067,124518,778,157,https://twitter.com/SpreenDMC/status/1614052202770796544/photo/1,zxx,False,,SpreenDMC
1614011496635289630,2023-01-13 21:28:22+00:00,1614006542092718084,@_Kinglish_ seeeeee,53,7027,37,0,,und,False,1250963329234997255,SpreenDMC
1613966567540129816,2023-01-13 18:29:50+00:00,1613966567540129816,"no tengan miedo a raidear hermanos streamers, es lo mas lindo qu√© hay https://t.co/ImhsHh1Hw7",872,33690,301,41,https://twitter.com/tvtop_es/status/1613915165925441537,es,False,,SpreenDMC
1613800299663134720,2023-01-13 07:29:09+00:00,1613413670532308993,@Robleis01 que quer√≠as,270,20011,106,11,,es,False,1277824644,SpreenDMC
1613779389833150464,2023-01-13 06:06:03+00:00,1613662731516657664,@rodezel muy bueno,113,9960,44,8,,es,False,2313109057,SpreenDMC
1613718556142616582,2023-01-13 02:04:19+00:00,1613661123722752002,@KarlJacobs_ how,301,18040,139,9,,und,False,2653325339,SpreenDMC
1613661123722752002,2023-01-12 22:16:06+00:00,1613661123722752002,ni twingo ni ferrari https://t.co/e495hY0Dhu,7496,163200,1106,317,https://twitter.com/SpreenDMC/status/1613661123722752002/photo/1,es,False,,SpreenDMC
1613369697306656768,2023-01-12 02:58:05+00:00,1613368681311903744,@Catliween Me equivoqu√©,101,3773,147,268,,es,False,1535423774039883776,SpreenDMC
1613239195786678273,2023-01-11 18:19:31+00:00,1612939601076752388,@JavierVenjamin gracias Javier https://t.co/gkWq9vlPiJ,50,1993,14,2,https://twitter.com/SpreenDMC/status/1613239195786678273/photo/1,es,False,1610768493615407104,SpreenDMC
1612939601076752388,2023-01-10 22:29:02+00:00,1612939601076752388,Esto no me lo pierdo por nada en el mundo üòé https://t.co/jKyx7OKwCo,1431,40234,608,55,https://twitter.com/bizarrap/status/1612904134453108736,es,False,,SpreenDMC
1612930794049400840,2023-01-10 21:54:02+00:00,1612923975570423809,@rodricarreraaa mologopco,299,12381,161,48,,pl,False,2177946643,SpreenDMC
1612371423150080001,2023-01-09 08:51:18+00:00,1612171167040962560,@Gonnzak_ que si,266,30600,179,29,,es,False,1278553075440144388,SpreenDMC
1612183100250853377,2023-01-08 20:22:58+00:00,1612179689753448448,@Rubiu5 lo voy a reaccionar para que tengas menos visitas y voy a subir una reacci√≥n a mi canal as√≠ tenes menos todav√≠a,568,29553,148,36,,es,False,398306220,SpreenDMC
1611834556427952128,2023-01-07 21:17:59+00:00,1611831319520022529,@powernahuel siempre fue as√≠ en YouTube üòé,21,1113,4,1,,es,False,514901054,SpreenDMC
1611826391296638978,2023-01-07 20:45:32+00:00,1611814565901107201,@nuwowksbde hoy voy a estar off todo el d√≠a amigo jajaja espero que te sirva,132,11296,74,48,,es,False,1539696346202087424,SpreenDMC
1611593248300048386,2023-01-07 05:19:07+00:00,1611486643315146753,@Shadoune666 @FlexVegaYT https://t.co/0w6DPqzj69,119,3915,43,3,https://www.youtube.com/watch?v=k2rhy3qu2pE,qme,False,743896424,SpreenDMC
1611583994075795458,2023-01-07 04:42:20+00:00,1611486643315146753,@FlexVegaYT @Shadoune666 que capos mis hijos del pvp hablando,113,4156,35,5,,es,False,1306181761,SpreenDMC
1611578757835542528,2023-01-07 04:21:32+00:00,1611578757835542528,"Esta habilitado de nuevo la sala de discord para pasar memes de la comunidad, si hay alguno que no vi y lo quieren dejar para un video joya",453,25344,216,3,,es,False,,SpreenDMC
1611169440598556673,2023-01-06 01:15:03+00:00,1611169440598556673,JDASJASJDASJ https://t.co/9Xs2Rq6AUN,2783,52270,466,34,https://twitter.com/prayingforubius/status/1611145834346827776,tr,False,,SpreenDMC
1610816578068553730,2023-01-05 01:52:54+00:00,1610816268226945025,"@Komanch hacelo ma√±ana, hoy auron envi√≥ las del hardcore, te falta calle",252,20056,28,2,,es,False,278239905,SpreenDMC
1610787371921936386,2023-01-04 23:56:51+00:00,1610783680602963969,@KarlJacobs_ https://t.co/RCWo7Ql4BC,521,17827,147,27,https://twitter.com/SpreenDMC/status/1610787371921936386/photo/1,qme,False,2653325339,SpreenDMC
1610784015492997121,2023-01-04 23:43:30+00:00,1610783680602963969,https://t.co/SnkQBW7Gb5,3144,53690,692,1048,https://twitter.com/SpreenDMC/status/1610784015492997121/photo/1,zxx,False,1004392807522553856,SpreenDMC
1610783680602963969,2023-01-04 23:42:11+00:00,1610783680602963969,MA√ëANA MUCHACHOS CON EL CARLOS https://t.co/a2IPqEskcW,5989,120572,1460,1860,https://twitter.com/SpreenDMC/status/1610783680602963969/photo/1,es,False,,SpreenDMC
1610712426449715205,2023-01-04 18:59:02+00:00,1610707915375099921,@TheCarolos Necesito tips para tricks con el humo Tenes idea?,107,6797,22,4,,es,False,1047493340701319168,SpreenDMC
1610712332824461330,2023-01-04 18:58:40+00:00,1610712332824461330,me gusta mucho este videojuego https://t.co/rjZP4UYGmM,1655,55181,546,132,https://twitter.com/SpreenDMC/status/1610712332824461330/photo/1,es,False,,SpreenDMC
1610712181754195971,2023-01-04 18:58:04+00:00,1610707915375099921,@TheCarolos SEEEE,106,10487,14,2,,und,False,1047493340701319168,SpreenDMC
1610499054580150273,2023-01-04 04:51:10+00:00,1610499054580150273,RT @FPisso: Hace m√°s o menos un a√±o en una de mis clases en la facultad vi que uno de mis alumnos se quedaba dormido. Le pregunte que le pa‚Ä¶,1642,0,0,0,,es,False,,SpreenDMC
1610468500111523840,2023-01-04 02:49:46+00:00,1610466630768947200,@benzachot A posta chaval,101,7326,42,3,,pt,False,1395878935804760071,SpreenDMC
1610467281750093824,2023-01-04 02:44:55+00:00,1610419593784311810,@gonchobanzas sos capo man,53,4552,13,1,,es,False,746903703622422528,SpreenDMC
1610466630768947200,2023-01-04 02:42:20+00:00,1610466630768947200,https://t.co/5t7tOiP1eq,1695,57498,404,78,https://twitter.com/SpreenDMC/status/1610466630768947200/photo/1,zxx,False,,SpreenDMC
1610464732514746370,2023-01-04 02:34:47+00:00,1610411246695714820,@Shadoune666 JEJEJEJ,108,5895,38,1,,es,False,743896424,SpreenDMC
1610177332110659585,2023-01-03 07:32:46+00:00,1610113213097541633,@ceIinana @nicolinopai yo tambien tengo los trofeos de la escuelita de futbol,101,9134,43,1,,es,False,3057072340,SpreenDMC
1610013539514687495,2023-01-02 20:41:55+00:00,1609924042550816768,@WillyrexYT una paja,432,26419,221,13,,es,False,230377004,SpreenDMC
1610009246468378624,2023-01-02 20:24:51+00:00,1609998142602186765,@RexOnGame_ madurar es para frutas jajaja saludos amigo,95,1954,31,10,,es,False,1389451919022870535,SpreenDMC
1609998142602186765,2023-01-02 19:40:44+00:00,1609998142602186765,"que locura muchas gracias a todos los que me votaron, el a√±o pasado no se me dio, pero este a√±o lo logr√©, logr√© que grefg me pague todo un viaje a mexico con hotel y comida incluido https://t.co/wf0A5IKVpT",1697,47957,636,98,https://twitter.com/MovistareSports/status/1609995296351690753,es,False,,SpreenDMC
1609602281141374981,2023-01-01 17:27:43+00:00,1609602281141374981,Que piola la Kings League me voy a ver todos los partidos,639,32447,152,22,,es,False,,SpreenDMC
1608991737577615360,2022-12-31 01:01:38+00:00,1608637586733699072,@LuzuGames luzu nomas estoy siguiendo tus consejos de el camino del √©xito,536,25589,89,15,,es,False,1863172518,SpreenDMC
1608986171341967360,2022-12-31 00:39:31+00:00,1608985769972215808,@spreenfolders @bautiagnone podes usar mi p√°gina con la ruleta üòé,78,6425,30,4,,es,False,1403947006842871810,SpreenDMC
1608944152255016960,2022-12-30 21:52:33+00:00,1608944152255016960,"Sub√≠ el resumen de mi a√±o a YouTube, espero que les guste se preparo durante todo el a√±o ;)
https://t.co/nF46mW4mB1 https://t.co/k9YPm4ZowU",1735,27815,552,130,https://youtu.be/X92H0oiITQQ,es,False,,SpreenDMC
1608907988538122240,2022-12-30 19:28:51+00:00,1608907988538122240,"RT @Moon137_: ‚ú®Streamer del a√±o üèÜ‚ú®

#spreen #spreenfanart  
@SpreenDMC https://t.co/acqGaohK2s",941,0,0,0,https://twitter.com/Moon137_/status/1608907205943889928/photo/1,es,False,,SpreenDMC
1608637586733699072,2022-12-30 01:34:22+00:00,1608637586733699072,me gusta el pene grande y venudo,16032,202661,10960,3027,,es,False,,SpreenDMC
1608573696310153217,2022-12-29 21:20:29+00:00,1608508146225483779,@Lagusneta gracias por la buena onda papa üòéüòéüòé aguante colon siempre,70,7732,13,1,,es,False,1483279332277583873,SpreenDMC
1608568733555122177,2022-12-29 21:00:46+00:00,1608344108052905984,@elmarianaa https://t.co/DUoyiiyUlG,333,19975,84,9,https://twitter.com/SpreenDMC/status/1608568733555122177/photo/1,qme,False,1303576011716595712,SpreenDMC
1608344108052905984,2022-12-29 06:08:11+00:00,1608344108052905984,https://t.co/kmijuAYjV0 https://t.co/wM1uBlUlNh,3309,110585,1938,563,https://twitter.com/SpreenDMC/status/1608344108052905984/photo/1,zxx,False,,SpreenDMC
1608240419493806081,2022-12-28 23:16:10+00:00,1608240419493806081,paz https://t.co/qQMRF4HlOt,1994,57624,386,41,https://twitter.com/IbaiLlanos/status/1608239934795644928,qst,False,,SpreenDMC
1608229837570985984,2022-12-28 22:34:07+00:00,1608229837570985984,https://t.co/SER12jqbRR,5718,125170,1381,298,https://twitter.com/SpreenDMC/status/1608229837570985984/photo/1,zxx,False,,SpreenDMC
1607832555428118528,2022-12-27 20:15:27+00:00,1607832555428118528,Ac√° en la costa de Santa Fe https://t.co/49FKXFkKho,4629,117529,1006,313,https://twitter.com/SpreenDMC/status/1607832555428118528/photo/1,es,False,,SpreenDMC
1607811174221119488,2022-12-27 18:50:30+00:00,1607801128040685571,@Robleis01 si estoy en creativo https://t.co/KzoH7bcpXF,664,18940,224,99,https://twitter.com/SpreenDMC/status/1607811174221119488/photo/1,es,False,1277824644,SpreenDMC
1607808922290720768,2022-12-27 18:41:33+00:00,1607801128040685571,@Robleis01 Bloqueado https://t.co/BA1LsUKMC1,590,18918,136,32,https://twitter.com/SpreenDMC/status/1607808922290720768/photo/1,pt,False,1277824644,SpreenDMC
1607805742316417024,2022-12-27 18:28:55+00:00,1607801128040685571,@Robleis01 joda https://t.co/Www2PURkgR,707,20262,248,45,https://twitter.com/SpreenDMC/status/1607805742316417024/photo/1,es,False,1277824644,SpreenDMC
1607803363382509568,2022-12-27 18:19:28+00:00,1607801128040685571,@Robleis01 Sub√≠ pa ah√≠ te clave unas escaleras https://t.co/xE3oodHAaH,966,32970,222,73,https://twitter.com/SpreenDMC/status/1607803363382509568/photo/1,es,False,1277824644,SpreenDMC
1607766161214828544,2022-12-27 15:51:38+00:00,1607075009134039042,"@ZormanVideos gracias capo, sos un genio vos tambi√©n üòéüòé",62,4166,11,0,,es,False,579362103,SpreenDMC
1607599462347833344,2022-12-27 04:49:14+00:00,1607599462347833344,"RT @drigo: Spreen streamer del a√±o es literal nuestro campe√≥n mundial del stream, orgulloso de vos hermano ü•π üèÖ https://t.co/VOHIswcfjP",1851,0,0,0,https://twitter.com/drigo/status/1607591328023470081/photo/1,es,False,,SpreenDMC
1607392078023036928,2022-12-26 15:05:09+00:00,1607391500207362056,@NachoAquinoo Nos vemos ah√≠ pa,55,5255,18,2,,es,False,2939094675,SpreenDMC
1607075009134039042,2022-12-25 18:05:14+00:00,1607075009134039042,"No s√© si voy a volver a tener un a√±o como este, pero lo que si se, es que no voy a parar de hacer lo que me gusta, muchas gracias https://t.co/YXJIC7pmnm",1691,48455,829,113,https://twitter.com/tvtop_es/status/1607028589203193859,es,False,,SpreenDMC
1606857468163903488,2022-12-25 03:40:49+00:00,1606048242231152641,@ElUriel095 gracias por las visitas capo,285,26108,218,65,,es,False,1263653467,SpreenDMC
1606798786075959296,2022-12-24 23:47:38+00:00,1606798786075959296,feliz navidad https://t.co/6VLoWsh0S9,4940,130523,2689,554,https://twitter.com/SpreenDMC/status/1606798786075959296/photo/1,es,False,,SpreenDMC
1606782566425583621,2022-12-24 22:43:11+00:00,1606756837721837574,@MrBeast the next one you have to go through Argentina,302,13980,135,10,,en,False,2455740283,SpreenDMC
1606569274201497601,2022-12-24 08:35:38+00:00,1606521953728200705,@NabiTrapp @TwitchLatam @TwitchES @Quackity @SoyFarfadox @TakerMetal @GamsterGaming @JuanSGuarnizo @gerardromero @RickyEdit @Zilverk @JordiWild gracias pa,33,3166,8,1,,es,False,1007508890207113217,SpreenDMC
1606475877616943106,2022-12-24 02:24:30+00:00,1606475877616943106,https://t.co/wlda6PYD14,1783,64049,555,95,https://twitter.com/SpreenDMC/status/1606475877616943106/photo/1,zxx,False,,SpreenDMC
1606190407712272384,2022-12-23 07:30:09+00:00,1606044540577595393,@Cristia15212415 siempre me gusto üòéüòé,46,4277,13,1,,es,False,1404548106990018560,SpreenDMC
1606044540577595393,2022-12-22 21:50:31+00:00,1606044540577595393,"Todo aquel streamer que vaya a M√©xico por los ESLAND, que me conteste este tweet si quiere participar de un amigo secreto, cada uno que participe le arma una caja a un streamer, dejando pistas para que el otro intente adivinar",2256,84032,715,197,,es,False,,SpreenDMC
1605713834596913155,2022-12-21 23:56:25+00:00,1605711397031219203,@elmarianaa como que gritan tu nombre? A qu√© te refer√≠s?,323,28270,168,32,,es,False,1303576011716595712,SpreenDMC
1605711076972060672,2022-12-21 23:45:28+00:00,1605666418657136640,@Karchezzz @IbaiLlanos JAJSJSJSJS,134,9564,31,2,,it,False,1257375500386947072,SpreenDMC
1605694210589351937,2022-12-21 22:38:26+00:00,1605666418657136640,@IbaiLlanos sin ver que estoy respondiendo a ibai suena medio mal,239,19741,277,24,,es,False,1004392807522553856,SpreenDMC
1605693792383668226,2022-12-21 22:36:47+00:00,1605666418657136640,@IbaiLlanos la mama de karchez contra la silla,1116,57775,305,154,,es,False,2754746065,SpreenDMC
1605692746294886401,2022-12-21 22:32:37+00:00,1605399767688925185,@rodbeingshy ü•µü•µü•µü•µü•µü•µ,51,2091,11,1,,qme,False,1226172989995208704,SpreenDMC
1605692418468323330,2022-12-21 22:31:19+00:00,1605692112728489984,@duxvid no me queje de eso,76,7861,51,3,,es,False,1214217586952421378,SpreenDMC
1605681219517259798,2022-12-21 21:46:49+00:00,1605678872971792384,@oddrookie @auronplay üòéüòéüòéüòé,81,6208,4,0,,qme,False,1269321884354711553,SpreenDMC
1605680519022198784,2022-12-21 21:44:02+00:00,1605678872971792384,@auronplay puedo ayudar con el soporte üòé,258,16819,70,12,,es,False,1501434991,SpreenDMC
1605679482127339520,2022-12-21 21:39:55+00:00,1605678872971792384,@auronplay puedo? me mori en mi hardcore de 400 dias hace 2 dias,470,30329,100,51,,es,False,1501434991,SpreenDMC
1605662309745057808,2022-12-21 20:31:41+00:00,1605658379308785665,@Valeeeeh_h gracias pa,35,3215,12,3,,es,False,1602864648277184513,SpreenDMC
1605655752768720896,2022-12-21 20:05:37+00:00,1605654371068305408,@ElAlexQuackity Ahora podes jugar con los pibes????,1082,35356,361,110,,es,False,1415218313647382528,SpreenDMC
1605415295862071297,2022-12-21 04:10:08+00:00,1605415295862071297,"Los premios para mi comunidad va a ser un stream (va a ser todo digital) para recompensar el a√±o incre√≠ble que tuvimos, muchas gracias a todos y pronto les voy a traer info https://t.co/W9af65HLur",1354,34042,521,116,https://twitter.com/SpreenDMC/status/1605415295862071297/photo/1,es,False,,SpreenDMC
1605399767688925185,2022-12-21 03:08:26+00:00,1605399767688925185,me entienden? https://t.co/OQImjusOIC,1294,37167,818,125,https://twitter.com/spreenhabbo/status/1605345463514931200,es,False,,SpreenDMC
1605276429465313280,2022-12-20 18:58:20+00:00,1605276429465313280,Dentro de nada prendo rompi√©ndole el orto a juan de nuevo en juegos variados,545,28958,171,24,,es,False,,SpreenDMC
1605215431014465539,2022-12-20 14:55:56+00:00,1605209944663490574,@DjMaRiiO üá¶üá∑üá¶üá∑üá¶üá∑üá¶üá∑üá¶üá∑üá¶üá∑üá¶üá∑üá¶üá∑,150,14766,24,3,,qme,False,202535200,SpreenDMC
1605036425757577218,2022-12-20 03:04:38+00:00,1605033086751715328,@Komanch anul√≥ mufa,95,8456,15,1,,hu,False,278239905,SpreenDMC
1605028829436997633,2022-12-20 02:34:27+00:00,1604929094159716352,"@Robleis01 si no era para mi, porque tengo el ego muy alto, es toda tuya papa se gana ez",243,12283,73,12,,es,False,1277824644,SpreenDMC
1604980765921804288,2022-12-19 23:23:28+00:00,1604980765921804288,muchachos ma√±ana voy a abrir un SERVER AN√ÅRQUICO con CHAT DE VOZ mas info en el Discord va a estar piola,499,22746,226,47,,es,False,,SpreenDMC
1604960143288172544,2022-12-19 22:01:31+00:00,1604958407223496704,@JosueO_H Que mierda tiene que ver tu xenofobia con lo que acabo de tweetear,34,1213,4,6,,es,False,1284197355441360898,SpreenDMC
1604944054198087680,2022-12-19 20:57:35+00:00,1604942542663192576,"@David_Moore15 la t√≠pica, igual te banco opina como se te cante",53,3469,23,6,,es,False,2777166290,SpreenDMC
1604943764300111896,2022-12-19 20:56:26+00:00,1604604081523367936,@KernelFreeze como siempre ganamos nosotros,79,7588,14,1,,es,False,247367715,SpreenDMC
1604943618300473344,2022-12-19 20:55:51+00:00,1604603803403255810,@tabernapelusa XD,60,5252,25,2,,und,False,1098641976,SpreenDMC
1604942921215647760,2022-12-19 20:53:05+00:00,1604942542663192576,"@Victor_cruz693 Nunca dije que no lo tuvieran, dije que lo m√≠o tambi√©n cuenta",56,2914,21,4,,es,False,911717813223600128,SpreenDMC
1604934435106856978,2022-12-19 20:19:22+00:00,1604929094159716352,@IbaiLlanos üòéüòé,124,8334,48,3,,qme,False,2754746065,SpreenDMC
1604933311142694913,2022-12-19 20:14:54+00:00,1604929094159716352,"@IbaiLlanos No, gracias, con esta ya soy feliz para siempre https://t.co/Ct0Mp2kFGw",498,22394,141,14,https://twitter.com/SpreenDMC/status/1604933311142694913/photo/1,es,False,2754746065,SpreenDMC
1604930855671046156,2022-12-19 20:05:08+00:00,1604929094159716352,@IbaiLlanos (Invita),187,13376,74,11,,es,False,1004392807522553856,SpreenDMC
1604930517308153868,2022-12-19 20:03:48+00:00,1604929094159716352,@IbaiLlanos Chupa remil pijas si pensaras en los creadores te sacar√≠as de streamer del a√±o con 30 millones de euros que tenes haces un evento en la luna,360,27576,126,55,,es,False,2754746065,SpreenDMC
1604929094159716352,2022-12-19 19:58:08+00:00,1604929094159716352,Como que mi canci√≥n y la de juan no est√°n nominadas como canci√≥n del a√±o en un premio de creadores de contenido‚Ä¶ para grefg no son los grammys wachin,2299,88402,587,236,,es,False,,SpreenDMC
1604921255374848029,2022-12-19 19:26:59+00:00,1604920791677644801,@DavooXeneizeJRR https://t.co/sHpqlwEhYN,68,4661,9,0,https://twitter.com/SpreenDMC/status/1604921255374848029/photo/1,qme,False,836969699665670145,SpreenDMC
1604892606336581633,2022-12-19 17:33:09+00:00,1604892606336581633,RT @Akairincita: Campeones del mundo @SpreenDMC #spreenfanart https://t.co/CDPTp07llh,762,0,0,0,https://twitter.com/Akairincita/status/1604721996922847232/photo/1,es,False,,SpreenDMC
1604627885431459840,2022-12-19 00:01:15+00:00,1604598318507495425,@hannahxxrose :DDDDDD,199,6419,90,10,,und,False,4499556257,SpreenDMC
1604598318507495425,2022-12-18 22:03:45+00:00,1604598318507495425,SEEEEEEEEEEEEEEEEEEEEEEEEEEEEEEEEEEEEEEEEEEEEEEEEEEEEEEEEEEEEEEEEEEEEEEEEEEEEEEEEEEEEEEEEEEEEEEEEEEEEEEEEEEEEEE https://t.co/HetSBu86A2,5415,111857,516,174,https://twitter.com/SpreenDMC/status/1604598318507495425/photo/1,und,False,,SpreenDMC
1604545800121581577,2022-12-18 18:35:04+00:00,1604545800121581577,"RT @YouTubeLATAM: @SpreenDMC No estoy llorando, tu est√°s llorando üò≠",540,0,0,0,,es,False,,SpreenDMC
1604538774238760963,2022-12-18 18:07:09+00:00,1604538774238760963,QUIEN SE SUMA????????? https://t.co/LjEtrC6AL5,7223,151381,2686,529,https://twitter.com/SpreenDMC/status/1604538774238760963/photo/1,es,False,,SpreenDMC
1604537447681228800,2022-12-18 18:01:53+00:00,1604537447681228800,CUAL SE ELIJE??? https://t.co/IawvBKRKRW,4292,135435,1878,329,https://twitter.com/SpreenDMC/status/1604537447681228800/photo/1,es,False,,SpreenDMC
1604537136921051137,2022-12-18 18:00:38+00:00,1604537136921051137,JAJAJAJAJAJJAJAJAJJAJAJAJAJAJAJAJJAJAAJAKJAJAJAJAJAJAJAJSJSJSKSJSJJAAJJAAJAJAKAJAJAJAJAJAJAJAKAKAKAJAAJJAJAJAJAJAJAAJJAJAJAJAJAJAJAJAJAJAJAJAKAKAJAKAAKAKAKKAKAJAKAKAKAJAKAJAJAJAAJJAJAJAAJJAJAJAJAJAAJJAJAJAJAJAJAJAJAJAJAJAJAAJJA https://t.co/SlS69TFd1e,2955,45326,414,54,https://twitter.com/xQc/status/1604435490274304001,es,False,,SpreenDMC
1604536228296396801,2022-12-18 17:57:02+00:00,1604536228296396801,no looeufocrreen,2609,57444,824,93,,en,False,,SpreenDMC
1604412014679523328,2022-12-18 09:43:27+00:00,1604186976818966533,"@illojuan Recup√©rate pronto pa, √°nimos :D",77,3219,4,1,,es,False,2780429016,SpreenDMC
1604317337246629888,2022-12-18 03:27:14+00:00,1604299008243105792,@gonchobanzas se,33,1759,7,1,,und,False,746903703622422528,SpreenDMC
1604313512217640961,2022-12-18 03:12:02+00:00,1604313512217640961,12 horas https://t.co/82o10m6nCd,2212,49541,292,51,https://twitter.com/SpreenDMC/status/1604313512217640961/photo/1,es,False,,SpreenDMC
1603940066451247106,2022-12-17 02:28:06+00:00,1603940066451247106,#Pochita,1860,42252,931,117,,qht,False,,SpreenDMC
1603888463744573440,2022-12-16 23:03:03+00:00,1603887284851511296,@DavooXeneizeJRR ratio,178,9922,70,4,,en,False,836969699665670145,SpreenDMC
1603882122472787970,2022-12-16 22:37:51+00:00,1603870264869228545,@Encu5Futbol https://t.co/MnpprdtmI7,158,9448,62,12,https://twitter.com/SpreenDMC/status/1603882122472787970/photo/1,qme,False,1498764837601484801,SpreenDMC
1603866237443923985,2022-12-16 21:34:44+00:00,1603865766822301697,@elmarianaa yo quiero ver a tu avatar en 4,777,39628,519,119,,es,False,1303576011716595712,SpreenDMC
1603866058602995719,2022-12-16 21:34:01+00:00,1603866058602995719,"RT @VanteSea98: ü§ô
#Spreen #spreenfanart https://t.co/8eVFvb2j3m",387,0,0,0,https://twitter.com/VanteSea98/status/1603864047929417730/photo/1,qme,False,,SpreenDMC
1603863081536393217,2022-12-16 21:22:11+00:00,1603863081536393217,HOY NO PRENDO PERO HAY ALTO VIDEO https://t.co/87phvo3RI8,334,10745,133,11,https://www.youtube.com/watch?v=huKt26yZD9w&t=2s,es,False,,SpreenDMC
1603600745726558208,2022-12-16 03:59:45+00:00,1603592519215980546,"@drigo para que capo, aguante hacer 3000 cosas a la vez y sentir la satisfacci√≥n cuando las terminas",184,9655,42,24,,es,False,225118095,SpreenDMC
1603238791992332288,2022-12-15 04:01:29+00:00,1603081467852111876,@margomangok üòç,160,9602,131,60,,qme,False,1175023864226766848,SpreenDMC
1603238744827387904,2022-12-15 04:01:18+00:00,1601703497271234560,@ilovespreen de nada,83,7705,55,4,,pt,False,1498794390378070017,SpreenDMC
1603238581824266242,2022-12-15 04:00:39+00:00,1603178841739956224,@Eltomex56 No es mala XD,32,2201,8,0,,es,False,1118336732401893381,SpreenDMC
1603212269378326528,2022-12-15 02:16:05+00:00,1603131605865959425,@IbaiLlanos @Martinpdisalvo anulo,139,10096,50,2,,tl,False,2754746065,SpreenDMC
1603138848455802880,2022-12-14 21:24:21+00:00,1603137711086379009,"@Zendrik_ nada de desperdiciadas maestro 
mira md https://t.co/V7r9Ol8KSM",90,9175,18,7,https://twitter.com/SpreenDMC/status/1603138848455802880/photo/1,es,False,1558667602083385344,SpreenDMC
1603133779849224192,2022-12-14 21:04:12+00:00,1603131895742603273,@Shadoune666 no,615,39526,319,53,,und,False,743896424,SpreenDMC
1603092301621993472,2022-12-14 18:19:23+00:00,1603092301621993472,"RT @VanteSea98: Ten√≠a mucho trabajo y solo hasta ahora le avanc√© un poquito, ya veremos que m√°s le hago Ggg ü´†
@SpreenDMC
#Spreen #spreenfan‚Ä¶",437,0,0,0,,es,False,,SpreenDMC
1603092058251608064,2022-12-14 18:18:25+00:00,1602862831619096576,@idpabloski Gracias locaso,47,3670,12,1,,es,False,2152491478,SpreenDMC
1603082947372134400,2022-12-14 17:42:13+00:00,1603082947372134400,gracias por la promo @JuanSGuarnizo @arigameplays https://t.co/55wKajcH2X,1478,53741,180,23,https://twitter.com/SpreenUpdates/status/1603080058037751809,es,False,,SpreenDMC
1602816902895575040,2022-12-14 00:05:03+00:00,1602815115929206784,@chocolatada20 gracias x ver ;),23,872,4,0,,es,False,1374749567028232192,SpreenDMC
1602783920906551297,2022-12-13 21:53:59+00:00,1602783920906551297,https://t.co/jDB9XTMeU4 https://t.co/Xe9EcsMSAg,1637,32297,167,16,https://twitter.com/SpreenDMC/status/1602783920906551297/photo/1,zxx,False,,SpreenDMC
1602557299733798912,2022-12-13 06:53:28+00:00,1602554393596944384,@quackitytheduck ÿ®ÿÆ⁄öŸÜŸá ÿ∫Ÿàÿß⁄ìŸÖ ÿµÿßÿ≠ÿ®,87,2437,114,10,,ps,False,1359402753756303361,SpreenDMC
1602555325181296642,2022-12-13 06:45:38+00:00,1602554393596944384,@quackitytheduck y si mejor cerras un poquito el orto?,102,3356,152,33,,es,False,1359402753756303361,SpreenDMC
1602551543131262977,2022-12-13 06:30:36+00:00,1602550188060688384,@BadEndingg_ jajaj hablando de eso te baje el sueldo,152,7326,126,14,,es,False,4830854536,SpreenDMC
1602550188060688384,2022-12-13 06:25:13+00:00,1602550188060688384,"Hice mi playlist con canciones que suelo escuchar 
la voy a ir actualizando de ves en cuando https://t.co/yHqLU6TJAv",930,18999,477,236,https://open.spotify.com/playlist/1LoT0fyGE2S1DcswV9TRgm?si=407ad26bfb1a4dfe,es,False,,SpreenDMC
1602507939520155649,2022-12-13 03:37:20+00:00,1602491340352372736,@darlingteamoo joya üòéü§ô,117,12226,80,65,,en,False,1537098338092261378,SpreenDMC
1602490538472742912,2022-12-13 02:28:11+00:00,1601758066009346049,@PachecoLuucas na no le doy importancia es m√°s que nada responder porque estoy al pedo,34,1541,26,6,,es,False,3076640302,SpreenDMC
1602490241881112576,2022-12-13 02:27:01+00:00,1602488761224265730,@LuzuGames no hablo mas es de mufa,136,6414,41,2,,es,False,1863172518,SpreenDMC
1602489950838132737,2022-12-13 02:25:51+00:00,1602489950838132737,https://t.co/41A60NAeTh,1482,57831,337,54,https://twitter.com/SpreenDMC/status/1602489950838132737/photo/1,zxx,False,,SpreenDMC
1602489607597309952,2022-12-13 02:24:29+00:00,1601758066009346049,@gfspreen no podes criticar a los dem√°s con ese @,90,3395,122,598,,es,False,1476038607609729029,SpreenDMC
1602488887737462785,2022-12-13 02:21:38+00:00,1602488761224265730,@LuzuGames üá¶üá∑üá¶üá∑üá¶üá∑,196,8857,27,4,,qme,False,1863172518,SpreenDMC
1602467460971724802,2022-12-13 00:56:29+00:00,1602467460971724802,ODIO LA TECNOLOG√çA EL MINECRAFT ME VA A 10 FPS CON UNA 3080,681,42544,383,34,,es,False,,SpreenDMC
1602404189497397255,2022-12-12 20:45:04+00:00,1602322071064907776,@Rubiu5 jajajja,189,14758,152,8,,es,False,398306220,SpreenDMC
1602217045550301184,2022-12-12 08:21:26+00:00,1602085257393868800,@DavoFanatik @elpepeXsech saludos pa aguante Colon,45,2351,9,1,,es,False,1602181318154018817,SpreenDMC
1602215027255037952,2022-12-12 08:13:24+00:00,1602085257393868800,"@elpepeXsech no se supone que sea gracioso se supone que sea creativo, saludos",221,22109,123,27,,es,False,1432768064643284996,SpreenDMC
1602042008763260929,2022-12-11 20:45:54+00:00,1601758066009346049,@ElAlexQuackity si,344,20152,77,1,,und,False,1415218313647382528,SpreenDMC
1601758066009346049,2022-12-11 01:57:36+00:00,1601758066009346049,https://t.co/YmERD3ghdf,5955,91744,734,497,https://twitter.com/SpreenDMC/status/1601758066009346049/video/1,zxx,False,,SpreenDMC
1601648230739382273,2022-12-10 18:41:10+00:00,1601648230739382273,hoy voy a ver qu√© hicieron y ya me da miedo https://t.co/i1uryguhDt,1052,27878,150,25,https://twitter.com/sprnscat/status/1601647690714009603,es,False,,SpreenDMC
1601647839511449600,2022-12-10 18:39:36+00:00,1601647304292720641,#miedoalafuna #yonosoyelrubiusyoviajoamexico,942,35054,270,211,,qht,False,1004392807522553856,SpreenDMC
1601647370986323969,2022-12-10 18:37:45+00:00,1601647304292720641,#humor,311,24266,73,1,,qht,False,1004392807522553856,SpreenDMC
1601419472031862785,2022-12-10 03:32:09+00:00,1601308279111831554,@JuanSGuarnizo juan ya quedaste eliminado deja de robar con el mundial,419,24532,148,26,,es,False,285081945,SpreenDMC
1601351191904260097,2022-12-09 23:00:50+00:00,1601351191904260097,RT @KarlJacobs_: @SpreenDMC https://t.co/YJOIWkYJNE,1868,0,0,0,https://twitter.com/KarlJacobs_/status/1601349369692753920/photo/1,qme,False,,SpreenDMC
1601335722937847808,2022-12-09 21:59:22+00:00,1601335168173998081,@KarlJacobs_ YEESSSSSSSSSSSSSSSSSSSSSSSSSSSSSSSSSSSSSSSSSSSSSSSSSSSSSSSSSSSSSSSSSSSSSSSSSSSSSSSSSSSSSSSSSSSSSSSSSSSSSSSSSSSSSSSSSSSSSSSSSSSSSSSSSSSSSSSSSSSSSSSSSSSSSSSSSSSSSSSSSSSSSSSSSS,818,22649,158,24,,en,False,2653325339,SpreenDMC
1601284325009674240,2022-12-09 18:35:08+00:00,1601284325009674240,"RT @ModSpreen: üü•Ya est√° abierto en el Discord de Spreen el concurso ""Tu Historia En La Pantalla"" üé•

üëâPueden encontrarlo en la categor√≠a ""Co‚Ä¶",115,0,0,0,,es,False,,SpreenDMC
1601274293899624448,2022-12-09 17:55:16+00:00,1601274293899624448,Ayer hice en stream muchas boludeces en la pantalla verde el mejor trailer de pel√≠cula o historia con este va a ganar $300 usd ma√±ana a la tarde vemos todos y los tendr√≠an que pasar por Discord üòé https://t.co/JV0cnwYig1,643,20484,137,27,https://twitter.com/SpreenDMC/status/1601274293899624448/photo/1,es,False,,SpreenDMC
1601153967274086400,2022-12-09 09:57:08+00:00,1600902537514987525,@Jxhan13 @Dutygameplays @PLAION_ES tranca pa somos amigos,36,1267,23,2,,es,False,1331243287475318789,SpreenDMC
1601073746244435968,2022-12-09 04:38:22+00:00,1601029403798294532,@JuanSGuarnizo recuperate pa que hay que jugar un pico park,346,23628,158,74,,es,False,285081945,SpreenDMC
1600551449355726849,2022-12-07 18:02:56+00:00,1600516649127485444,@Rubiu5 @RubiusUpd cuando me llegue (qu√© es muy poco probable porque vivo en argentina) voy a espa√±a üòé,225,13913,39,8,,es,False,398306220,SpreenDMC
1600529948237864970,2022-12-07 16:37:30+00:00,1600516649127485444,@Rubiu5 https://t.co/Lsgz15siyy,631,24366,60,14,https://twitter.com/SpreenDMC/status/1600529948237864970/photo/1,qme,False,398306220,SpreenDMC
1600516748595367942,2022-12-07 15:45:03+00:00,1600516649127485444,@Rubiu5 sos mal√≠simo pa,370,26223,69,5,,es,False,398306220,SpreenDMC
1600185462152318977,2022-12-06 17:48:38+00:00,1600179297490112512,@JuanSGuarnizo borra,395,26740,163,5,,pt,False,285081945,SpreenDMC
1599950825765613569,2022-12-06 02:16:17+00:00,1599851512317980673,@IbaiLlanos https://t.co/ck9w2VmlDh,964,35879,226,33,https://twitter.com/SpreenDMC/status/1599950825765613569/photo/1,qme,False,2754746065,SpreenDMC
1599950029250187265,2022-12-06 02:13:07+00:00,1599935614614261761,@Shadoune666 cabio gato,97,5653,31,0,,es,False,743896424,SpreenDMC
1599594355278237696,2022-12-05 02:39:47+00:00,1599594355278237696,RT @SpreenUpdates: üìä | Spreen ha superado la cifra de 6 MILLONES de seguidores en su canal de Twitch! Felicidades por este logro @SpreenDMC‚Ä¶,804,0,0,0,,es,False,,SpreenDMC
1599580068933558274,2022-12-05 01:43:01+00:00,1599549367756943360,@lokonazo1 @piolacraft Ratio pusiste cha,66,2871,35,2,,en,False,716728765,SpreenDMC
1599579504829091841,2022-12-05 01:40:47+00:00,1599549367756943360,@lokonazo1 @piolacraft Ratio + Pagas por twitter üòÇ + Dep√≠late los juegos con cera,75,2441,70,7,,es,False,716728765,SpreenDMC
1599550301312143360,2022-12-04 23:44:44+00:00,1599549367756943360,@piolacraft Voten a Lokonaso,119,9281,104,4,,es,False,1234228925682921474,SpreenDMC
1599544917650735104,2022-12-04 23:23:21+00:00,1599544917650735104,Ultima edici√≥n de la revista https://t.co/UISky8l9GE,4878,72430,640,376,https://twitter.com/SpreenDMC/status/1599544917650735104/photo/1,es,False,,SpreenDMC
1599527851484934144,2022-12-04 22:15:32+00:00,1599525501898436609,@dedreviil @Tortilla_Land @auronplay Pues he educado tan bien a mis hijas que respetan y valoran mi trabajo sin necesidad de chantajes. Literalmente tengo otro set up para trabajar cuando voy a visitarlas por que mi trabajo es importante y ellas tambi√©n.,256,23043,202,7,,es,False,71629213,SpreenDMC
1599502896780828672,2022-12-04 20:36:22+00:00,1599502263558410240,@Tortilla_Land @auronplay graicas,533,26066,409,41,,es,False,1004392807522553856,SpreenDMC
1599502263558410240,2022-12-04 20:33:51+00:00,1599502263558410240,"Se termino @Tortilla_Land 
Gracias por invitar @auronplay y graicas a los administradores por llevar a cabo este servidor
Aca les dejo un video con el resumen de mi estad√≠a en el server :) https://t.co/7jV2OTtOUM",4789,60776,797,390,https://twitter.com/SpreenDMC/status/1599502263558410240/video/1,es,False,,SpreenDMC
1599460243133431811,2022-12-04 17:46:53+00:00,1599460243133431811,Ahora prendo con el final de TortillaLand üòé,459,25914,258,77,,es,False,,SpreenDMC
1599075537838014465,2022-12-03 16:18:12+00:00,1599073898603380736,@IsaiOsechas que fachero üòé,34,2808,8,0,,pt,False,1407474636665786369,SpreenDMC
1598884378444062720,2022-12-03 03:38:36+00:00,1598861888460587008,@GeminiLecter @OutReality_ @ElTioShur https://t.co/KQIGSPnK5y,77,2605,35,38,https://twitter.com/SpreenDMC/status/1598884378444062720/photo/1,qme,False,987827191596666883,SpreenDMC
1598881670270046208,2022-12-03 03:27:50+00:00,1598861888460587008,"@OutReality_ @GeminiLecter @ElTioShur Si, pero bueno si me atacan me defiendo pa, que queres que haga que deje que me barden cuentas que tienen en la bio 14 inviernos, estoy aburrido tambi√©n, quiero admitirlo",53,2286,42,115,,es,False,2588883906,SpreenDMC
1598881151443009536,2022-12-03 03:25:46+00:00,1598881151443009536,RT @NachoAquinoo: EU VAMOS ARGENTINA LA CONCHA PUTA DE LA LORA VAMOS ARGENTINA VAMO VAMO DALE DALE DALE VAMO VAMO DALE DALE DALE DALE DALE‚Ä¶,1341,0,0,0,,it,False,,SpreenDMC
1598879933270351872,2022-12-03 03:20:56+00:00,1598861888460587008,"@OutReality_ @GeminiLecter @ElTioShur Si no lo buscar√≠an pondr√≠an las cosas con contexto y ver√≠an que solo estaba opinando para romper las bolas y dejar que en claro que ya estaba todo solucionado, pero buscan bardo https://t.co/jrexk7StbP",48,2053,14,35,https://twitter.com/SpreenDMC/status/1598879933270351872/photo/1,es,False,2588883906,SpreenDMC
1598877325936177154,2022-12-03 03:10:34+00:00,1598876870124064769,"@rebshearth Tienen raz√≥n, no me rompan mas las bolas y apoyen a los creadores que le gusta",100,6417,62,55,,es,False,1347355775237304327,SpreenDMC
1598876461590462464,2022-12-03 03:07:08+00:00,1598861888460587008,@CactusAnheuser @GeminiLecter @ElTioShur no me defend√°is chaval no pasa nada a nuestro rollo,31,1183,27,13,,es,False,1264578242452819970,SpreenDMC
1598876113182527488,2022-12-03 03:05:45+00:00,1598861888460587008,@GeminiLecter @ElTioShur buscan cancelarme igual entiendo es viernes y est√°n aburrido :p saludos,80,3193,35,86,,es,False,1004392807522553856,SpreenDMC
1598875809372336128,2022-12-03 03:04:33+00:00,1598861888460587008,"@GeminiLecter @ElTioShur ya habl√© por md, y no estaba hablando de ellos estaba hablando de la administraci√≥n y como se dieron las cosas y tambi√©n puse que igualmente fue un vac√≠o legal por un vac√≠o legal, pero leen lo que quieren y en ves de aceptar que ya le di fin al tema hasta en esa conversaci√≥n",57,2856,10,49,,es,False,987827191596666883,SpreenDMC
1598874436253671424,2022-12-03 02:59:05+00:00,1598861888460587008,"@GeminiLecter a √©l @ElTioShur yo lo miro y estaba hablando de m√≠ y yo puedo hablar tambi√©n en un chat, dejen de llorar",65,3729,25,92,,es,False,1004392807522553856,SpreenDMC
1598873956769230848,2022-12-03 02:57:11+00:00,1598861888460587008,"@GeminiLecter Sorry pero una cosa es pelear con randoms en internet y otra ir a hablar de tus colegas a un canal de salseo. Es que hay que ser pat√©tico para caer as√≠ de bajo. Si todav√≠a seguis picado anda a sus dms y hablalo te aseguro que con Fcs y Rbn lo vas a poder arreglar, asi no pa",160,12370,115,125,,es,False,987827191596666883,SpreenDMC
1598871760388390912,2022-12-03 02:48:27+00:00,1598870716522278912,@DukiSSJ ya fue wacho estoy re manija sub√≠ los dos,251,15592,48,4,,es,False,3072209228,SpreenDMC
1598861603516338176,2022-12-03 02:08:06+00:00,1598859973441728512,"@auronplay -hola con la fabrica de pastas?
-si
-esta llarin? jua jua 
-si ahi le paso
-nono era un chiste 
-hola si que pasa",730,33013,393,154,,es,False,1004392807522553856,SpreenDMC
1598861391506513921,2022-12-03 02:07:15+00:00,1598859973441728512,@auronplay Te llevo cajas de eso si subis una broma telefonica a una fabrica de pastas,585,48924,66,17,,es,False,1501434991,SpreenDMC
1598812573109227521,2022-12-02 22:53:16+00:00,1598795677080829953,"@IbaiLlanos hijo de puta iba a hacer algo parecido, te perdono si me invitas ya que ser√≠an free 30k estuve 24 hs en un techo y en una caja ese es  mi curr√≠culum",543,34312,138,33,,es,False,2754746065,SpreenDMC
1598742130218135552,2022-12-02 18:13:21+00:00,1598504504537890816,@JuanSGuarnizo yo cree SpreenD de chiquito y creo que es alto tag igual entiendo que pienses asi JuanGuarnizo,259,15118,90,2,,es,False,285081945,SpreenDMC
1598737212744634378,2022-12-02 17:53:49+00:00,1598722546635100161,"@suehenderso @Waiting4Reb Yo diferencio fandom que comunidad, a lo que yo le digo fandom, reborn le dice locals, hubo mala interpretaci√≥n y por eso pedi disculpas, stop cry",80,2585,35,87,,es,False,1504464557506449414,SpreenDMC
1598736459514744841,2022-12-02 17:50:49+00:00,1598731906115248128,"@irebsun no bueno, menos ganas de victimizarce, todos reciben hate",95,6443,48,111,,es,False,1344794249594892294,SpreenDMC
1598731760862314496,2022-12-02 17:32:09+00:00,1598731760862314496,"Hoy no prendo gente, nos vemos el Domingo que ma√±ana juega Argentina y tengo el Show de Harry Styles
Me tomo el dia para terminar algunos contenidosüòé",831,29744,649,279,,es,False,,SpreenDMC
1598730293179027468,2022-12-02 17:26:19+00:00,1598722546635100161,"@Waiting4Reb perdon no fandom, me calente, no se que sera de reborn pero el hate gratuito lo respondo XD",68,3611,27,108,,es,False,1004392807522553856,SpreenDMC
1598729280787300353,2022-12-02 17:22:18+00:00,1598729280787300353,üò• https://t.co/N55RSJ3Jyx,345,15484,180,14,https://twitter.com/InvictosSomos/status/1598727823124045824,art,False,,SpreenDMC
1598723077164044289,2022-12-02 16:57:39+00:00,1598722546635100161,@Waiting4Reb que si fandom de reborn tienes razon,261,14229,127,523,,es,False,711753656412954624,SpreenDMC
1598717429097562112,2022-12-02 16:35:12+00:00,1598713880854790146,"@SHITREB_ Igual le habia dicho a reborn, era lo unico que estaba fuera de rol, pero bueno",110,6113,40,71,,es,False,1256664028467924993,SpreenDMC
1598712009876508673,2022-12-02 16:13:40+00:00,1598704673208164355,"@LuisRguez07 Si, pero los admins le dejaron porque no lo especifique en un ticket",69,3880,94,86,,es,False,801646735,SpreenDMC
1598450413279367172,2022-12-01 22:54:10+00:00,1598450413279367172,https://t.co/01IoJsL1BI,2286,58415,455,50,https://twitter.com/SpreenDMC/status/1598450413279367172/photo/1,zxx,False,,SpreenDMC
1598438841106550789,2022-12-01 22:08:11+00:00,1598438841106550789,"RT @MrBeast: @SpreenDMC 50,000 retweets",13417,0,0,0,,en,False,,SpreenDMC
1598422841283715079,2022-12-01 21:04:37+00:00,1598422168982855680,@Goorgo jajajjaajaajjaajjajajajajajajajajajajajajajajajajajajajjajajajajajsjsjajajsjajjajaajjajajajajajajajajjajajjajajajajajajajajjajajajajajajajajajajajajajajajjajajajajajajajajajajjajajajsjsjsjajajajajajajajajajajajajajajajajjajajajajajajajajajajajajajajsjajajajajajajajajjsjajajajsjsj,151,10504,48,4,,es,False,2170875648,SpreenDMC
1598410417726017538,2022-12-01 20:15:15+00:00,1598402569797337128,@polispol que maestro üëèüëè,128,11434,23,2,,es,False,67348503,SpreenDMC
1598164095013777408,2022-12-01 03:56:27+00:00,1598161434378383361,@DukiSSJ Call me Maybe,185,11709,84,13,,en,False,3072209228,SpreenDMC
